{
    "map_number": 1,
    "level_params": [
        {
            "lives": 3,
            "ball_speed": 3.2,
            "bounce_cd_init": 6.0,
            "bounce_cd_min": 2.5,
            "bounce_dy": 0.3125,
            "bounce_dt": 0.10000000149011612,
            "bounce_dt2": 0.10000000149011612,
            "hit_dy": 0.08000000074505806,
            "hit_dt": 0.02500000037252903,
            "touch_dt": 0.20000000298023225,
            "fireball_speed": 2.0,
            "launch_cd_init": 5.0,
            "launch_cd_min": 1.0,
            "launch_rate": 20.0,
            "launcher_min_angle": 0.5235987901687622,
            "launcher_max_angle": 1.3089970350265504,
            "launcher_angular_speed": 1.0283185482025147,
            "launcher_cd_checkpoints": [
                15.0,
                30.0,
                45.0,
                60.0
            ],
            "launcher_cd_checkpoint_dec": 0.60000001192092898,
            "brick_durability_probs": [
                0.039170000702142718,
                0.06458000093698502,
                0.09526000171899796,
                0.1257600039243698,
                0.1485700011253357,
                0.15705999732017518,
                0.1485700011253357,
                0.1257600039243698,
                0.09526000171899796
            ],
            "brick_probabilities": [
                0.52,
                0.06000000149011612,
                0.12000000149011612,
                0.10000000149011612,
                0.10000000149011612,
                0.0,
                0.10000000149011612
            ],
            "triangluar_iron_brick_probability": 0.12000000059604645,
            "bounce_value_required": 5,
            "explode_damage": 1,
            "roll_bounce_cd_dec": 0.5,
            "sandglass_launch_cd_dec": 0.20000001192092898,
            "lightening_accelerate_ratio": 1.3200000476837159,
            "championA_bounce_cd_dec": 1.5,
            "championB_launch_cd_dec": 0.3000000238418579,
            "championC_bounce_value_required": 4,
            "colors": [
                {
                    "x": 0.0,
                    "y": 0.0,
                    "z": 255.0,
                    "w": 255.0
                },
                {
                    "x": 255.0,
                    "y": 0.0,
                    "z": 0.0,
                    "w": 255.0
                }
            ],
            "defence_buffer": 0.07000000029802323,
            "attack_buffer": 0.10000000149011612,
            "bounce_activate_range_rel": 0.800000011920929,
            "bot_speed": [
                4.0,
                10.0,
                16.0
            ],
            "bot_prediction": [
                1,
                10,
                10
            ],
            "does_attack": [
                false,
                true,
                true
            ]
        }
    ]
}
