{
    "level_params": [
        {
            "lives": 3,
            "ball_speed": 2.5,
            "bounce_cd_init": 6.0,
            "bounce_cd_min": 3.0,
            "bounce_dy": 0.3125,
            "bounce_dt": 0.10000000149011612,
            "bounce_dt2": 0.10000000149011612,
            "touch_dt": 0.20000000298023225,
            "fireball_speed": 2.0,
            "launch_cd_init": 5.0,
            "launch_cd_min": 2.0,
            "launch_rate": 20.0,
            "launcher_min_angle": 0.5235987901687622,
            "launcher_max_angle": 1.3089970350265504,
            "launcher_angular_speed": 0.6283185482025147,
            "launcher_cd_checkpoints": [
                15.0,
                30.0,
                45.0,
                60.0
            ],
            "launcher_cd_checkpoint_dec": 0.30000001192092898,
            "brick_durability": 9,
            "brick_probabilities": [
                0.5,
                0.10000000149011612,
                0.10000000149011612,
                0.10000000149011612,
                0.10000000149011612,
                0.10000000149011612
            ],
            "bounce_value_required": 5,
            "roll_bounce_cd_dec": 0.5,
            "sandglass_launch_cd_dec": 0.30000001192092898,
            "championA_bounce_cd_dec": 1.0,
            "championB_launch_cd_dec": 0.6000000238418579,
            "championC_bounce_value_required": 4,
            "colors": [
                {
                    "x": 0.0,
                    "y": 0.0,
                    "z": 255.0,
                    "w": 255.0
                },
                {
                    "x": 255.0,
                    "y": 0.0,
                    "z": 0.0,
                    "w": 255.0
                }
            ]
        }
    ]
}
